<?xml version="1.0" encoding="UTF-8"?>
 
<!DOCTYPE suite SYSTEM "http://testng.org/testng-1.0.dtd">
 
<suite name="Suite"  thread-count="2" parallel="tests">
 
 <test name="ChromeTest">
 
 <parameter name="browser" value="chrome" />
 
 <classes>
 
 <class name="mfrptest.NewTest" />
 
 </classes>
 
 </test>
 
 <test name="IETest">
 
 <parameter name="browser" value="InternetExplorer" />
 
 <classes>
 
 <class name="mfrptest.NewTest" />
 
 </classes>
 
 </test>
 
</suite>